USE product_service;

-- ================================
-- CATEGORIES
-- ================================
INSERT INTO categories (id, name, slug, parent_id, description, image_url, sort_order, is_active, created_by) VALUES
('0ce6d0b6-a04a-4ff2-8866-81989d795141',  'Electronics',       'electronics',         NULL, 'Electronic devices and accessories',         'https://m.media-amazon.com/images/cat/electronics.jpg',  1, TRUE, 'system'),
('7975b161-6fb3-451c-b52f-f34b82f22336',         'Books',             'books',               NULL, 'Books, textbooks and reading materials',      'https://m.media-amazon.com/images/cat/books.jpg',        2, TRUE, 'system'),
('4df3dcd5-b1de-4971-b72f-2124910634a5',      'Clothing',          'clothing',            NULL, 'Men and women fashion and apparel',           'https://m.media-amazon.com/images/cat/clothing.jpg',     3, TRUE, 'system'),
('e50bd3d8-7ae9-4207-907d-b3b3e7c6555c',  'Home & Kitchen',    'home-and-kitchen',    NULL, 'Home appliances and kitchen equipment',       'https://m.media-amazon.com/images/cat/home-kitchen.jpg', 4, TRUE, 'system'),
('4e9b0ba5-9829-43b1-9dba-91f4a1cee9bc',        'Sports & Outdoors', 'sports-and-outdoors', NULL, 'Sports equipment and outdoor gear',           'https://m.media-amazon.com/images/cat/sports.jpg',       5, TRUE, 'system');

-- ================================
-- PRODUCTS
-- ================================
INSERT INTO products (id, category_id, name, slug, description, is_active, created_by) VALUES
('2ff8a99c-44c0-4591-814a-5867d021aaca', '0ce6d0b6-a04a-4ff2-8866-81989d795141', 'Apple iPhone 15 Pro', 'apple-iphone-15-pro', 'Forged in titanium with A17 Pro chip, customizable Action button, and the most powerful iPhone camera system ever.', TRUE, 'system'),
('d01b8c22-b90d-4695-81d7-28d29a0d4b5e', '0ce6d0b6-a04a-4ff2-8866-81989d795141', 'Samsung Galaxy S24 Ultra', 'samsung-galaxy-s24-ultra', 'Built-in S Pen, 200MP camera, Snapdragon 8 Gen 3, and 5000mAh battery. The ultimate Android flagship.', TRUE, 'system'),
('d3164da5-e630-4a0c-ac6d-dfc7b66f3b07', '0ce6d0b6-a04a-4ff2-8866-81989d795141', 'Sony WH-1000XM5 Wireless Headphones', 'sony-wh-1000xm5', 'Industry-leading noise canceling, 30-hour battery life, and crystal clear hands-free calling.', TRUE, 'system'),
('1851573e-f8f9-414c-98d3-5bc3a01e8b0b', '0ce6d0b6-a04a-4ff2-8866-81989d795141', 'Apple MacBook Pro 14-inch M3', 'apple-macbook-pro-14-m3', 'M3 chip, up to 22 hours battery life, Liquid Retina XDR display for the most demanding workflows.', TRUE, 'system'),
('14dc71ff-8f05-4253-aa77-48a8fea12948', '0ce6d0b6-a04a-4ff2-8866-81989d795141', 'iPad Pro 12.9-inch M2', 'apple-ipad-pro-12-9-m2', 'M2 chip, Liquid Retina XDR display, Center Stage, and pro camera system with LiDAR Scanner.', TRUE, 'system'),
('a3a336b7-e33d-428c-9c7b-f4aa3b3121d5', '7975b161-6fb3-451c-b52f-f34b82f22336', 'Atomic Habits by James Clear', 'atomic-habits-james-clear', 'An easy and proven way to build good habits and break bad ones. Over 10 million copies sold worldwide.', TRUE, 'system'),
('24f96f52-e17f-4426-9c4a-50f9e5e84d72', '7975b161-6fb3-451c-b52f-f34b82f22336', 'The Pragmatic Programmer 20th Anniversary', 'pragmatic-programmer-20th-anniversary', 'Your journey to mastery. Essential reading for software developers at every experience level.', TRUE, 'system'),
('49e1c006-a927-46cf-b44d-727ac24f30dc', '7975b161-6fb3-451c-b52f-f34b82f22336', 'Clean Code by Robert C. Martin', 'clean-code-robert-martin', 'A handbook of agile software craftsmanship. Learn to write code that is readable, maintainable and efficient.', TRUE, 'system'),
('6ca543af-f13e-456d-a4b3-3c5fa1501191', '7975b161-6fb3-451c-b52f-f34b82f22336', 'Designing Data-Intensive Applications', 'designing-data-intensive-applications', 'The big ideas behind reliable, scalable, and maintainable systems. A must-read for backend engineers.', TRUE, 'system'),
('2b3f1d85-0c16-496e-b9fd-af02e6973b3d', '7975b161-6fb3-451c-b52f-f34b82f22336', 'The Psychology of Money', 'psychology-of-money-morgan-housel', 'Timeless lessons on wealth, greed, and happiness by Morgan Housel. Over 4 million copies sold.', TRUE, 'system'),
('081ab306-f43c-401b-97e5-7c7cc8c83b31', '4df3dcd5-b1de-4971-b72f-2124910634a5', 'Levi''s 501 Original Fit Jeans', 'levis-501-original-fit-jeans', 'The original blue jean since 1873. Straight fit with button fly, sits at the waist.', TRUE, 'system'),
('35b65fe8-efa1-4bcf-a129-34a8bd5a675a', '4df3dcd5-b1de-4971-b72f-2124910634a5', 'Nike Air Force 1 Sneakers', 'nike-air-force-1-sneakers', 'Iconic street style sneakers with Air-Sole unit for all-day lightweight cushioning and comfort.', TRUE, 'system'),
('dfdece05-59ce-48d4-ba22-7d44bba16734', '4df3dcd5-b1de-4971-b72f-2124910634a5', 'Champion Reverse Weave Hoodie', 'champion-reverse-weave-hoodie', 'Classic heavyweight fleece hoodie with iconic C logo patch. Resists vertical shrinkage.', TRUE, 'system'),
('5e0ef7ac-1352-46b6-904c-66c298ce12df', '4df3dcd5-b1de-4971-b72f-2124910634a5', 'Adidas Ultraboost 22 Running Shoes', 'adidas-ultraboost-22', 'Responsive BOOST midsole and Primeknit+ upper for an energized, adaptive run every time.', TRUE, 'system'),
('cf0b285b-00d8-485a-8cd9-9becfea9f053', '4df3dcd5-b1de-4971-b72f-2124910634a5', 'The North Face Antora Rain Jacket', 'north-face-antora-rain-jacket', 'Waterproof, breathable DryVent 2.5L shell keeps you dry and comfortable in wet conditions.', TRUE, 'system'),
('eac538e9-94dd-45b7-93bf-5a5333fc2281', 'e50bd3d8-7ae9-4207-907d-b3b3e7c6555c', 'Instant Pot Duo 7-in-1 Electric Pressure Cooker', 'instant-pot-duo-7-in-1', 'Pressure cooker, slow cooker, rice cooker, steamer, saute pan, yogurt maker and warmer in one.', TRUE, 'system'),
('b1f7fd8f-10c5-4cdf-923b-3fe56efd1c02', 'e50bd3d8-7ae9-4207-907d-b3b3e7c6555c', 'Dyson V15 Detect Cordless Vacuum', 'dyson-v15-detect-cordless-vacuum', 'Laser reveals microscopic dust. Automatically adapts suction to floor type with 60 minutes run time.', TRUE, 'system'),
('9ddf600c-d32e-4541-955e-e21ee2f7e1ec', 'e50bd3d8-7ae9-4207-907d-b3b3e7c6555c', 'Nespresso Vertuo Next Coffee Machine', 'nespresso-vertuo-next', 'Brew 5 cup sizes from espresso to alto with one-touch brewing and automatic capsule recognition.', TRUE, 'system'),
('464636b6-7e23-49e8-811a-dce15ad8a585', 'e50bd3d8-7ae9-4207-907d-b3b3e7c6555c', 'KitchenAid Artisan Stand Mixer 5Qt', 'kitchenaid-artisan-stand-mixer-5qt', '10 speeds, tilt-head design, 5-quart stainless steel bowl. The iconic kitchen essential.', TRUE, 'system'),
('ea4e1c77-9931-4303-9fe9-fe3b39f4977d', 'e50bd3d8-7ae9-4207-907d-b3b3e7c6555c', 'Philips Hue Smart Bulb Starter Kit', 'philips-hue-smart-bulb-starter-kit', '4 A19 smart LED bulbs and Bridge. 16 million colors, voice control and app-based automation.', TRUE, 'system'),
('a99d062d-cbaa-4d5d-b8b3-e51bfcec40b9', '4e9b0ba5-9829-43b1-9dba-91f4a1cee9bc', 'Garmin Fenix 7 Multisport GPS Watch', 'garmin-fenix-7-multisport-gps', 'Rugged smartwatch with multi-band GPS, solar charging, heart rate, and over 60 sport modes.', TRUE, 'system'),
('997a1b6e-5e35-4837-9ce0-18e28ff7a95b', '4e9b0ba5-9829-43b1-9dba-91f4a1cee9bc', 'Hydro Flask 32oz Wide Mouth Water Bottle', 'hydro-flask-32oz-wide-mouth', 'TempShield double-wall vacuum insulation keeps drinks cold 24 hours, hot 12 hours.', TRUE, 'system'),
('2a98ce96-85b2-4b73-b7a1-2da0b1175ddb', '4e9b0ba5-9829-43b1-9dba-91f4a1cee9bc', 'Theragun Prime Percussive Therapy Device', 'theragun-prime-percussive-therapy', 'Quiet Force Technology, 5 attachments, 16mm amplitude for deep muscle treatment in 30 seconds.', TRUE, 'system'),
('2db09b98-ebbd-4558-9e52-6a57a94aeb5f', '4e9b0ba5-9829-43b1-9dba-91f4a1cee9bc', 'Coleman Sundome 4-Person Camping Tent', 'coleman-sundome-4-person-tent', 'Easy setup in 10 minutes, WeatherTec patented welded floors and inverted seams keep you dry.', TRUE, 'system'),
('f02f296c-546a-4606-bf3a-b3083b7fef43', '4e9b0ba5-9829-43b1-9dba-91f4a1cee9bc', 'Manduka PRO Yoga Mat 6mm', 'manduka-pro-yoga-mat-6mm', 'Lifetime guarantee, high-density cushioning, non-slip surface, closed-cell material resists bacteria.', TRUE, 'system');

-- ================================
-- PRODUCT VARIANTS
-- ================================
INSERT INTO product_variants (id, product_id, sku, price, color, size, weight, is_active, created_by) VALUES
('25a2e7ff-0863-42a7-b120-85c19fb289e7', '2ff8a99c-44c0-4591-814a-5867d021aaca', 'IPH15PRO-128-BLK', 999.0, 'Black Titanium', '128GB', 187.0, TRUE, 'system'),
('473bf1ee-bfc7-48fe-91e7-4fa21219e5df', '2ff8a99c-44c0-4591-814a-5867d021aaca', 'IPH15PRO-256-BLK', 1099.0, 'Black Titanium', '256GB', 187.0, TRUE, 'system'),
('6ea6ec9b-1820-4125-880f-043f9ab0a9ed', '2ff8a99c-44c0-4591-814a-5867d021aaca', 'IPH15PRO-256-WHT', 1099.0, 'White Titanium', '256GB', 187.0, TRUE, 'system'),
('342e07ed-4f78-4cd8-becd-046a812f3b92', '2ff8a99c-44c0-4591-814a-5867d021aaca', 'IPH15PRO-512-NAT', 1299.0, 'Natural Titanium', '512GB', 187.0, TRUE, 'system'),
('6235a819-2319-4b52-a4a5-f04ab05cd348', 'd01b8c22-b90d-4695-81d7-28d29a0d4b5e', 'S24ULTRA-256-BLK', 1299.99, 'Titanium Black', '256GB', 232.0, TRUE, 'system'),
('ff29a09f-94ac-4ce1-8ffc-256175dfcc57', 'd01b8c22-b90d-4695-81d7-28d29a0d4b5e', 'S24ULTRA-256-GRY', 1299.99, 'Titanium Gray', '256GB', 232.0, TRUE, 'system'),
('508f16a4-1056-4f72-a6ba-47f86b2315a0', 'd01b8c22-b90d-4695-81d7-28d29a0d4b5e', 'S24ULTRA-512-BLK', 1419.99, 'Titanium Black', '512GB', 232.0, TRUE, 'system'),
('97e9d755-b8cf-49ea-ad37-f1ac6d4c3e8e', 'd3164da5-e630-4a0c-ac6d-dfc7b66f3b07', 'WH1000XM5-BLK', 279.99, 'Black', NULL, 250.0, TRUE, 'system'),
('1266065c-0bd2-46e2-947d-6e60dbe6a834', 'd3164da5-e630-4a0c-ac6d-dfc7b66f3b07', 'WH1000XM5-SLV', 279.99, 'Silver', NULL, 250.0, TRUE, 'system'),
('bd916e5b-e8c8-4915-b775-8d12b76d133b', '1851573e-f8f9-414c-98d3-5bc3a01e8b0b', 'MBP14-M3-8-512-SLV', 1599.0, 'Silver', 'M3 8GB/512GB', 1610.0, TRUE, 'system'),
('b2d09769-444d-46fe-b7a6-7d35e5a5ad4b', '1851573e-f8f9-414c-98d3-5bc3a01e8b0b', 'MBP14-M3-16-512-SLV', 1999.0, 'Silver', 'M3 Pro 16GB/512GB', 1610.0, TRUE, 'system'),
('184cd9d0-cfc6-4fff-92fe-1441fccffcce', '1851573e-f8f9-414c-98d3-5bc3a01e8b0b', 'MBP14-M3-18-1TB-SPC', 2399.0, 'Space Black', 'M3 Pro 18GB/1TB', 1610.0, TRUE, 'system'),
('975647f1-75b1-466e-8ab5-cdf750a6c61d', '14dc71ff-8f05-4253-aa77-48a8fea12948', 'IPADPRO129-128-SLV', 1099.0, 'Silver', '128GB WiFi', 682.0, TRUE, 'system'),
('f10c22ab-29ad-48ea-a54d-d108b0e5476b', '14dc71ff-8f05-4253-aa77-48a8fea12948', 'IPADPRO129-256-SPC', 1199.0, 'Space Gray', '256GB WiFi', 682.0, TRUE, 'system'),
('5c9b26ee-3317-47df-a6ec-176995b2c9d8', '14dc71ff-8f05-4253-aa77-48a8fea12948', 'IPADPRO129-512-SLV', 1399.0, 'Silver', '512GB WiFi', 682.0, TRUE, 'system'),
('dbb091b8-f4ee-4a4e-9cd4-159e18f745d0', 'a3a336b7-e33d-428c-9c7b-f4aa3b3121d5', 'ATOMICHAB-HARD', 27.99, NULL, 'Hardcover', NULL, TRUE, 'system'),
('1282959f-49c5-46bb-bbe3-668b5fe421a4', 'a3a336b7-e33d-428c-9c7b-f4aa3b3121d5', 'ATOMICHAB-PAPER', 16.99, NULL, 'Paperback', NULL, TRUE, 'system'),
('460ae369-5c54-4c6a-befe-7b780b87d132', 'a3a336b7-e33d-428c-9c7b-f4aa3b3121d5', 'ATOMICHAB-KINDLE', 13.99, NULL, 'Kindle', NULL, TRUE, 'system'),
('ea3ac835-7533-43be-b883-39ab027b09d8', '24f96f52-e17f-4426-9c4a-50f9e5e84d72', 'PRAGPROG-HARD', 49.99, NULL, 'Hardcover', NULL, TRUE, 'system'),
('4888ab53-c6c4-4e57-9df7-b8b5c9e0c72c', '24f96f52-e17f-4426-9c4a-50f9e5e84d72', 'PRAGPROG-PAPER', 39.99, NULL, 'Paperback', NULL, TRUE, 'system'),
('d35acdbf-f1c9-4259-b2e0-ebd6f2ff8b1c', '49e1c006-a927-46cf-b44d-727ac24f30dc', 'CLEANCODE-HARD', 44.99, NULL, 'Hardcover', NULL, TRUE, 'system'),
('51242cac-3461-4aa1-9df4-f0a0ef52089e', '49e1c006-a927-46cf-b44d-727ac24f30dc', 'CLEANCODE-PAPER', 34.99, NULL, 'Paperback', NULL, TRUE, 'system'),
('18e17ca8-8da5-4769-b8d9-7b617ece02bc', '49e1c006-a927-46cf-b44d-727ac24f30dc', 'CLEANCODE-KINDLE', 24.99, NULL, 'Kindle', NULL, TRUE, 'system'),
('322720c4-b489-409a-a970-15dff9a4b9d3', '6ca543af-f13e-456d-a4b3-3c5fa1501191', 'DDIA-HARD', 59.99, NULL, 'Hardcover', NULL, TRUE, 'system'),
('dfaad1e6-890d-4394-b942-4588cc73eab5', '6ca543af-f13e-456d-a4b3-3c5fa1501191', 'DDIA-PAPER', 49.99, NULL, 'Paperback', NULL, TRUE, 'system'),
('f2ae8f27-bcaa-489d-8d8f-04843a77bb19', '6ca543af-f13e-456d-a4b3-3c5fa1501191', 'DDIA-KINDLE', 35.99, NULL, 'Kindle', NULL, TRUE, 'system'),
('b81a250c-872a-44bc-8790-d1ccf77a984b', '2b3f1d85-0c16-496e-b9fd-af02e6973b3d', 'PSYCHMONEY-HARD', 22.99, NULL, 'Hardcover', NULL, TRUE, 'system'),
('4b0c3804-e19e-4b83-96a3-081ef9edcef0', '2b3f1d85-0c16-496e-b9fd-af02e6973b3d', 'PSYCHMONEY-PAPER', 14.99, NULL, 'Paperback', NULL, TRUE, 'system'),
('5e7ab358-60f9-4844-b535-bb0b5a63a9f3', '2b3f1d85-0c16-496e-b9fd-af02e6973b3d', 'PSYCHMONEY-KINDLE', 11.99, NULL, 'Kindle', NULL, TRUE, 'system'),
('7d968a72-7f95-4101-ad7a-531877546d93', '081ab306-f43c-401b-97e5-7c7cc8c83b31', 'LEVIS501-30x30-IND', 59.99, 'Indigo', '30x30', 600.0, TRUE, 'system'),
('9022103d-cb4c-489a-9a0e-e3ec102940c4', '081ab306-f43c-401b-97e5-7c7cc8c83b31', 'LEVIS501-32x32-IND', 59.99, 'Indigo', '32x32', 620.0, TRUE, 'system'),
('5b4582e6-ae41-498b-949d-a5598503760f', '081ab306-f43c-401b-97e5-7c7cc8c83b31', 'LEVIS501-34x32-BLK', 64.99, 'Black', '34x32', 640.0, TRUE, 'system'),
('22d0c827-9893-42d7-8f58-9d69a85a81ba', '081ab306-f43c-401b-97e5-7c7cc8c83b31', 'LEVIS501-36x34-IND', 64.99, 'Indigo', '36x34', 660.0, TRUE, 'system'),
('ce21737b-07b1-4fcf-9a84-95e47235d406', '35b65fe8-efa1-4bcf-a129-34a8bd5a675a', 'NIKEAF1-7-WHT', 90.0, 'White', 'US 7', 400.0, TRUE, 'system'),
('185258d8-dbcd-4991-a3b2-0107ca0dce81', '35b65fe8-efa1-4bcf-a129-34a8bd5a675a', 'NIKEAF1-8-WHT', 90.0, 'White', 'US 8', 420.0, TRUE, 'system'),
('ea54eaae-b9da-4032-9413-70bcb1019b20', '35b65fe8-efa1-4bcf-a129-34a8bd5a675a', 'NIKEAF1-9-WHT', 90.0, 'White', 'US 9', 440.0, TRUE, 'system'),
('91889a2b-0eae-4848-8654-a59a334a04bb', '35b65fe8-efa1-4bcf-a129-34a8bd5a675a', 'NIKEAF1-10-WHT', 90.0, 'White', 'US 10', 460.0, TRUE, 'system'),
('9d142e05-4e12-4fad-a658-19a6157c0e9c', '35b65fe8-efa1-4bcf-a129-34a8bd5a675a', 'NIKEAF1-11-BLK', 90.0, 'Black', 'US 11', 480.0, TRUE, 'system'),
('81b82cb9-43e5-4be7-8e33-27b874d08cad', 'dfdece05-59ce-48d4-ba22-7d44bba16734', 'CHAMP-HOOD-S-GRY', 55.0, 'Gray', 'S', 500.0, TRUE, 'system'),
('fdedf5e7-52f0-4972-a682-00b887e128af', 'dfdece05-59ce-48d4-ba22-7d44bba16734', 'CHAMP-HOOD-M-GRY', 55.0, 'Gray', 'M', 520.0, TRUE, 'system'),
('9312b958-e8bd-4a0c-bae2-494f22c98459', 'dfdece05-59ce-48d4-ba22-7d44bba16734', 'CHAMP-HOOD-L-BLK', 55.0, 'Black', 'L', 540.0, TRUE, 'system'),
('9068428e-94e9-4293-ab3f-546d20d2887d', 'dfdece05-59ce-48d4-ba22-7d44bba16734', 'CHAMP-HOOD-XL-BLK', 55.0, 'Black', 'XL', 560.0, TRUE, 'system'),
('06eaa82c-a940-47bc-a5c5-3a950a1afbdf', '5e0ef7ac-1352-46b6-904c-66c298ce12df', 'ULTRA22-8-BLK', 190.0, 'Core Black', 'US 8', 310.0, TRUE, 'system'),
('5442d3eb-4f68-4ef1-b05c-1e7ef8f43e07', '5e0ef7ac-1352-46b6-904c-66c298ce12df', 'ULTRA22-9-BLK', 190.0, 'Core Black', 'US 9', 320.0, TRUE, 'system'),
('a720addd-96e9-45dc-b64a-a87f6dfba7b8', '5e0ef7ac-1352-46b6-904c-66c298ce12df', 'ULTRA22-10-WHT', 190.0, 'White', 'US 10', 330.0, TRUE, 'system'),
('12d942f4-114c-4879-bdd6-5866491ba9bd', '5e0ef7ac-1352-46b6-904c-66c298ce12df', 'ULTRA22-11-WHT', 190.0, 'White', 'US 11', 340.0, TRUE, 'system'),
('6933272e-5985-45c7-9761-968595ffd7b9', 'cf0b285b-00d8-485a-8cd9-9becfea9f053', 'TNF-ANTORA-S-BLK', 99.0, 'Black', 'S', 400.0, TRUE, 'system'),
('c7015480-dc22-4fda-9082-6a00e91ed9d0', 'cf0b285b-00d8-485a-8cd9-9becfea9f053', 'TNF-ANTORA-M-BLK', 99.0, 'Black', 'M', 420.0, TRUE, 'system'),
('daed02b6-2a62-4a76-9cac-6eb14467eaf2', 'cf0b285b-00d8-485a-8cd9-9becfea9f053', 'TNF-ANTORA-L-BLU', 99.0, 'Blue', 'L', 440.0, TRUE, 'system'),
('2055fb70-2460-498e-b5a1-c1232cbbcc29', 'cf0b285b-00d8-485a-8cd9-9becfea9f053', 'TNF-ANTORA-XL-BLU', 99.0, 'Blue', 'XL', 460.0, TRUE, 'system'),
('c9888937-be2c-4f29-9299-0051b810e4ff', 'eac538e9-94dd-45b7-93bf-5a5333fc2281', 'INSTPOT-6QT', 79.99, NULL, '6 Quart', 5200.0, TRUE, 'system'),
('ef515455-99e8-4022-8eac-66729f5798ab', 'eac538e9-94dd-45b7-93bf-5a5333fc2281', 'INSTPOT-8QT', 99.99, NULL, '8 Quart', 6100.0, TRUE, 'system'),
('b9f918de-e4f1-4d59-bfe0-2101fa58ca09', 'b1f7fd8f-10c5-4cdf-923b-3fe56efd1c02', 'DYSONV15-DETECT', 649.99, 'Nickel/Yellow', NULL, 3100.0, TRUE, 'system'),
('775fd9a3-546d-4cf1-a3cb-5d28bb6a6ba5', 'b1f7fd8f-10c5-4cdf-923b-3fe56efd1c02', 'DYSONV15-DETECT-PLUS', 749.99, 'Nickel/Yellow', NULL, 3100.0, TRUE, 'system'),
('a705df93-c113-45ba-8b84-cfc3852ee82e', '9ddf600c-d32e-4541-955e-e21ee2f7e1ec', 'NESPRESSO-VNEXT-BLK', 179.99, 'Black', NULL, 4200.0, TRUE, 'system'),
('346df540-2434-43b2-8133-a19ad0a997fc', '9ddf600c-d32e-4541-955e-e21ee2f7e1ec', 'NESPRESSO-VNEXT-GRY', 179.99, 'Gray', NULL, 4200.0, TRUE, 'system'),
('60a29dca-284a-4235-8fc6-c3971764623d', '9ddf600c-d32e-4541-955e-e21ee2f7e1ec', 'NESPRESSO-VNEXT-RED', 189.99, 'Red', NULL, 4200.0, TRUE, 'system'),
('905434c2-64e4-4c2a-bd95-c6782888d5bb', '464636b6-7e23-49e8-811a-dce15ad8a585', 'KAID-5QT-RED', 449.99, 'Empire Red', '5 Qt', 11800.0, TRUE, 'system'),
('d4c067ba-0f7e-4f69-9648-97c76ec1026e', '464636b6-7e23-49e8-811a-dce15ad8a585', 'KAID-5QT-SLV', 449.99, 'Silver', '5 Qt', 11800.0, TRUE, 'system'),
('855e4922-f33c-4eea-bb51-1ea9ce89cb1a', '464636b6-7e23-49e8-811a-dce15ad8a585', 'KAID-5QT-BLK', 449.99, 'Onyx Black', '5 Qt', 11800.0, TRUE, 'system'),
('ed3a4b79-974b-4c0f-a996-ca9e0c6dc36e', '464636b6-7e23-49e8-811a-dce15ad8a585', 'KAID-5QT-WHT', 449.99, 'White', '5 Qt', 11800.0, TRUE, 'system'),
('587ca63b-fc60-4486-9ecd-ad4355c2e662', 'ea4e1c77-9931-4303-9fe9-fe3b39f4977d', 'HUE-START-4A19-WHT', 199.99, 'White', '4-Bulb Kit', 800.0, TRUE, 'system'),
('bcaec022-9c37-4be3-ac1c-0c1b72b41825', 'ea4e1c77-9931-4303-9fe9-fe3b39f4977d', 'HUE-START-4A19-CLR', 249.99, 'White', '4-Bulb Color Kit', 800.0, TRUE, 'system'),
('b8430186-3480-463c-944a-9ff8b1e5722a', 'a99d062d-cbaa-4d5d-b8b3-e51bfcec40b9', 'GARMIN-F7-STD-BLK', 649.99, 'Black', 'Standard', 79.0, TRUE, 'system'),
('c6572a97-3501-4920-82b8-56747721fae9', 'a99d062d-cbaa-4d5d-b8b3-e51bfcec40b9', 'GARMIN-F7-SOL-GRY', 799.99, 'Gray', 'Solar', 79.0, TRUE, 'system'),
('ebc2b2d3-315d-4558-8405-e55382739fa3', 'a99d062d-cbaa-4d5d-b8b3-e51bfcec40b9', 'GARMIN-F7-SAPPHIRE', 999.99, 'Silver', 'Sapphire', 79.0, TRUE, 'system'),
('e8b3412a-7e3b-4fdb-8481-1a9c4e5c65a8', '997a1b6e-5e35-4837-9ce0-18e28ff7a95b', 'HYDRO-32-BLK', 44.95, 'Black', '32oz', 454.0, TRUE, 'system'),
('6e17f63b-8759-46f2-bf56-02157d21cddd', '997a1b6e-5e35-4837-9ce0-18e28ff7a95b', 'HYDRO-32-BLU', 44.95, 'Pacific', '32oz', 454.0, TRUE, 'system'),
('3f780a45-a514-4f5b-b690-0125778434c3', '997a1b6e-5e35-4837-9ce0-18e28ff7a95b', 'HYDRO-32-RED', 44.95, 'Tomato', '32oz', 454.0, TRUE, 'system'),
('e29411fa-58d1-452d-b0cf-4b1caa4df78a', '997a1b6e-5e35-4837-9ce0-18e28ff7a95b', 'HYDRO-40-BLK', 49.95, 'Black', '40oz', 510.0, TRUE, 'system'),
('8c19f67e-858f-471b-8fe5-8662c034d414', '2a98ce96-85b2-4b73-b7a1-2da0b1175ddb', 'THERAGUN-PRIME-BLK', 299.0, 'Black', NULL, 907.0, TRUE, 'system'),
('b74731c5-0465-443d-90ef-4fe1743dfc46', '2db09b98-ebbd-4558-9e52-6a57a94aeb5f', 'COLEMAN-SUND-4P-GRN', 89.99, 'Green', '4-Person', 3800.0, TRUE, 'system'),
('63722bbf-79cc-47e6-a453-a24a441575c0', '2db09b98-ebbd-4558-9e52-6a57a94aeb5f', 'COLEMAN-SUND-6P-GRN', 109.99, 'Green', '6-Person', 4500.0, TRUE, 'system'),
('33a4e158-de47-46cf-9cc5-014220029951', 'f02f296c-546a-4606-bf3a-b3083b7fef43', 'MANDUKA-PRO-6MM-BLK', 120.0, 'Black', '6mm', 2700.0, TRUE, 'system'),
('6181c9ad-56d6-418c-937c-0acaee842c38', 'f02f296c-546a-4606-bf3a-b3083b7fef43', 'MANDUKA-PRO-6MM-PRP', 120.0, 'Purple', '6mm', 2700.0, TRUE, 'system'),
('ccd8bb5b-4763-403e-b866-e529f33930b7', 'f02f296c-546a-4606-bf3a-b3083b7fef43', 'MANDUKA-PRO-6MM-BLU', 120.0, 'Blue', '6mm', 2700.0, TRUE, 'system');

-- ================================
-- PRODUCT IMAGES - Primary (product level)
-- ================================
INSERT INTO product_images (id, product_id, variant_id, url, alt_text, sort_order, is_primary, created_by) VALUES
('1b280208-0b6b-4545-a644-316eabe6a803', '2ff8a99c-44c0-4591-814a-5867d021aaca', NULL, 'https://m.media-amazon.com/images/I/81SigpJN1KL._AC_SX679_.jpg', 'iPhone 15 Pro Black Titanium', 0, TRUE, 'system'),
('ab2f6390-5914-466f-9fcc-36c4d99af99c', 'd01b8c22-b90d-4695-81d7-28d29a0d4b5e', NULL, 'https://m.media-amazon.com/images/I/71o8Q5XJS5L._AC_SX679_.jpg', 'Samsung Galaxy S24 Ultra Black', 0, TRUE, 'system'),
('aa8b3949-df71-4497-ad09-618dc5637ddc', 'd3164da5-e630-4a0c-ac6d-dfc7b66f3b07', NULL, 'https://m.media-amazon.com/images/I/61vJPL2UFNL._AC_SX679_.jpg', 'Sony WH-1000XM5 Black', 0, TRUE, 'system'),
('437f2ce6-8be8-4d7f-9505-7ada0b7f0831', '1851573e-f8f9-414c-98d3-5bc3a01e8b0b', NULL, 'https://m.media-amazon.com/images/I/61lsexTCOqL._AC_SX679_.jpg', 'MacBook Pro 14 Silver', 0, TRUE, 'system'),
('f673cd5f-a286-42d0-bf9e-04e5312b8f0c', '14dc71ff-8f05-4253-aa77-48a8fea12948', NULL, 'https://m.media-amazon.com/images/I/81YkqyaFVEL._AC_SX679_.jpg', 'iPad Pro 12.9 Silver', 0, TRUE, 'system'),
('b76a697f-0928-42ba-8b20-2b862bd29607', 'a3a336b7-e33d-428c-9c7b-f4aa3b3121d5', NULL, 'https://m.media-amazon.com/images/I/81wgcld4wxL._AC_SX679_.jpg', 'Atomic Habits Hardcover', 0, TRUE, 'system'),
('cb4bf576-53e0-4870-b20c-74424b0982a3', '24f96f52-e17f-4426-9c4a-50f9e5e84d72', NULL, 'https://m.media-amazon.com/images/I/71f743sOPoL._AC_SX679_.jpg', 'The Pragmatic Programmer', 0, TRUE, 'system'),
('d337e314-8830-48e6-9849-49dcdc16977a', '49e1c006-a927-46cf-b44d-727ac24f30dc', NULL, 'https://m.media-amazon.com/images/I/41xShlnTZTL._AC_SX679_.jpg', 'Clean Code Book', 0, TRUE, 'system'),
('1b754651-8eb3-478c-b1c3-92f64868624d', '6ca543af-f13e-456d-a4b3-3c5fa1501191', NULL, 'https://m.media-amazon.com/images/I/91SZSW8qSsL._AC_SX679_.jpg', 'Designing Data-Intensive Apps', 0, TRUE, 'system'),
('58c00f8e-6fa0-4319-8ae9-1f2ec0eb4206', '2b3f1d85-0c16-496e-b9fd-af02e6973b3d', NULL, 'https://m.media-amazon.com/images/I/71g2ednj0JL._AC_SX679_.jpg', 'The Psychology of Money', 0, TRUE, 'system'),
('3225cc71-81e1-4a05-beca-12087c64d186', '081ab306-f43c-401b-97e5-7c7cc8c83b31', NULL, 'https://m.media-amazon.com/images/I/71HJFBI7CaL._AC_SX679_.jpg', 'Levis 501 Original Fit Jeans Indigo', 0, TRUE, 'system'),
('433edced-3f6e-4af9-9694-6992fedcd9ed', '35b65fe8-efa1-4bcf-a129-34a8bd5a675a', NULL, 'https://m.media-amazon.com/images/I/71GpHD4SPQL._AC_SX679_.jpg', 'Nike Air Force 1 White', 0, TRUE, 'system'),
('ba264de7-76da-471a-8d2f-ab1638a91f74', 'dfdece05-59ce-48d4-ba22-7d44bba16734', NULL, 'https://m.media-amazon.com/images/I/71s7tbFWPbL._AC_SX679_.jpg', 'Champion Reverse Weave Hoodie Gray', 0, TRUE, 'system'),
('ab5ca4f1-b759-48ee-b8cc-d51c17a8eb1e', '5e0ef7ac-1352-46b6-904c-66c298ce12df', NULL, 'https://m.media-amazon.com/images/I/71XiMOQ2EAL._AC_SX679_.jpg', 'Adidas Ultraboost 22 Black', 0, TRUE, 'system'),
('9bbfc156-4d22-45d8-ab1e-106d07d43775', 'cf0b285b-00d8-485a-8cd9-9becfea9f053', NULL, 'https://m.media-amazon.com/images/I/81bkBqiJOtL._AC_SX679_.jpg', 'North Face Antora Rain Jacket Black', 0, TRUE, 'system'),
('ad3b05d5-5c34-4bed-9bce-2ab942319a5f', 'eac538e9-94dd-45b7-93bf-5a5333fc2281', NULL, 'https://m.media-amazon.com/images/I/71V1C2QjNLL._AC_SX679_.jpg', 'Instant Pot Duo 7-in-1', 0, TRUE, 'system'),
('68dd8d8d-a51a-41dd-a925-002e182071fd', 'b1f7fd8f-10c5-4cdf-923b-3fe56efd1c02', NULL, 'https://m.media-amazon.com/images/I/61fkTkfSdgL._AC_SX679_.jpg', 'Dyson V15 Detect', 0, TRUE, 'system'),
('0b35e23c-3927-4f92-85d6-51c1581827b3', '9ddf600c-d32e-4541-955e-e21ee2f7e1ec', NULL, 'https://m.media-amazon.com/images/I/618qMhl63FL._AC_SX679_.jpg', 'Nespresso Vertuo Next Black', 0, TRUE, 'system'),
('28be85f0-2683-416a-ab1a-087ffbd5347f', '464636b6-7e23-49e8-811a-dce15ad8a585', NULL, 'https://m.media-amazon.com/images/I/81biVHtQhtL._AC_SX679_.jpg', 'KitchenAid Artisan Stand Mixer Red', 0, TRUE, 'system'),
('2dd73108-440f-4390-bfd7-037b2f781981', 'ea4e1c77-9931-4303-9fe9-fe3b39f4977d', NULL, 'https://m.media-amazon.com/images/I/61R5RHkVriL._AC_SX679_.jpg', 'Philips Hue Starter Kit', 0, TRUE, 'system'),
('a4392dfa-e35f-4da6-ba02-d4b51493555d', 'a99d062d-cbaa-4d5d-b8b3-e51bfcec40b9', NULL, 'https://m.media-amazon.com/images/I/71SvHxCPJIL._AC_SX679_.jpg', 'Garmin Fenix 7 Black', 0, TRUE, 'system'),
('47570a8c-9f4f-45a2-bfb7-6b4967815c42', '997a1b6e-5e35-4837-9ce0-18e28ff7a95b', NULL, 'https://m.media-amazon.com/images/I/61qTnOqOe5L._AC_SX679_.jpg', 'Hydro Flask 32oz Black', 0, TRUE, 'system'),
('078199f6-48a8-41ba-909c-33fe67655ca6', '2a98ce96-85b2-4b73-b7a1-2da0b1175ddb', NULL, 'https://m.media-amazon.com/images/I/61+jPAjBiQL._AC_SX679_.jpg', 'Theragun Prime Black', 0, TRUE, 'system'),
('c3ed3aef-3388-4b89-97ca-97604a0d380a', '2db09b98-ebbd-4558-9e52-6a57a94aeb5f', NULL, 'https://m.media-amazon.com/images/I/81R+5rFdpQL._AC_SX679_.jpg', 'Coleman Sundome 4-Person Tent', 0, TRUE, 'system'),
('916f3329-5c8a-45a4-a4ed-83bfb6c995ba', 'f02f296c-546a-4606-bf3a-b3083b7fef43', NULL, 'https://m.media-amazon.com/images/I/61bK6FBMSSL._AC_SX679_.jpg', 'Manduka PRO Yoga Mat Black', 0, TRUE, 'system');

-- ================================
-- PRODUCT IMAGES - Variant level
-- ================================
INSERT INTO product_images (id, product_id, variant_id, url, alt_text, sort_order, is_primary, created_by) VALUES
('a29bab33-217a-4e7c-bf2d-06956922cb59', '2ff8a99c-44c0-4591-814a-5867d021aaca', '25a2e7ff-0863-42a7-b120-85c19fb289e7', 'https://m.media-amazon.com/images/I/81SigpJN1KL._AC_UY741_.jpg', 'iPhone 15 Pro 128GB Black Titanium', 0, FALSE, 'system'),
('8bd1d721-779e-4f32-8662-e2305293fd9e', '2ff8a99c-44c0-4591-814a-5867d021aaca', '473bf1ee-bfc7-48fe-91e7-4fa21219e5df', 'https://m.media-amazon.com/images/I/81SigpJN1KL._AC_UY741_.jpg', 'iPhone 15 Pro 256GB Black Titanium', 0, FALSE, 'system'),
('e25bf5e5-1d18-4360-98db-e25e701b7a3c', '2ff8a99c-44c0-4591-814a-5867d021aaca', '6ea6ec9b-1820-4125-880f-043f9ab0a9ed', 'https://m.media-amazon.com/images/I/71fSqCQxuLL._AC_UY741_.jpg', 'iPhone 15 Pro 256GB White Titanium', 0, FALSE, 'system'),
('5ef9865f-843e-44c4-898b-07d4be382486', '2ff8a99c-44c0-4591-814a-5867d021aaca', '342e07ed-4f78-4cd8-becd-046a812f3b92', 'https://m.media-amazon.com/images/I/71ZjFCBruQL._AC_UY741_.jpg', 'iPhone 15 Pro 512GB Natural Titanium', 0, FALSE, 'system'),
('3d017e60-118f-4ea3-9800-e6c39eba38ce', 'd01b8c22-b90d-4695-81d7-28d29a0d4b5e', '6235a819-2319-4b52-a4a5-f04ab05cd348', 'https://m.media-amazon.com/images/I/71o8Q5XJS5L._AC_UY741_.jpg', 'Samsung S24 Ultra 256GB Titanium Black', 0, FALSE, 'system'),
('1f852966-4eeb-4390-8e31-8743e969343d', 'd01b8c22-b90d-4695-81d7-28d29a0d4b5e', 'ff29a09f-94ac-4ce1-8ffc-256175dfcc57', 'https://m.media-amazon.com/images/I/71xjFMEsTqL._AC_UY741_.jpg', 'Samsung S24 Ultra 256GB Titanium Gray', 0, FALSE, 'system'),
('289188d2-3d64-424e-8793-5ca5ab46d0f3', 'd01b8c22-b90d-4695-81d7-28d29a0d4b5e', '508f16a4-1056-4f72-a6ba-47f86b2315a0', 'https://m.media-amazon.com/images/I/71o8Q5XJS5L._AC_UY741_.jpg', 'Samsung S24 Ultra 512GB Titanium Black', 0, FALSE, 'system'),
('28f61678-2233-4bbf-b9bd-73eca7033cec', 'd3164da5-e630-4a0c-ac6d-dfc7b66f3b07', '97e9d755-b8cf-49ea-ad37-f1ac6d4c3e8e', 'https://m.media-amazon.com/images/I/61vJPL2UFNL._AC_UY741_.jpg', 'Sony WH-1000XM5 Black', 0, FALSE, 'system'),
('388cab51-a7af-4b30-975f-490e4bd80aa7', 'd3164da5-e630-4a0c-ac6d-dfc7b66f3b07', '1266065c-0bd2-46e2-947d-6e60dbe6a834', 'https://m.media-amazon.com/images/I/61+btT5XPLL._AC_UY741_.jpg', 'Sony WH-1000XM5 Silver', 0, FALSE, 'system'),
('7cc437bc-7366-4ac6-ba51-c865c409af3f', '1851573e-f8f9-414c-98d3-5bc3a01e8b0b', 'bd916e5b-e8c8-4915-b775-8d12b76d133b', 'https://m.media-amazon.com/images/I/61lsexTCOqL._AC_UY741_.jpg', 'MacBook Pro 14 M3 8GB 512GB Silver', 0, FALSE, 'system'),
('48936a6f-aff8-452b-b6f8-2228c8d84e40', '1851573e-f8f9-414c-98d3-5bc3a01e8b0b', 'b2d09769-444d-46fe-b7a6-7d35e5a5ad4b', 'https://m.media-amazon.com/images/I/61lsexTCOqL._AC_UY741_.jpg', 'MacBook Pro 14 M3 Pro 16GB 512GB Silver', 0, FALSE, 'system'),
('26442f0d-f7e0-427c-bbdc-ef503207c05c', '1851573e-f8f9-414c-98d3-5bc3a01e8b0b', '184cd9d0-cfc6-4fff-92fe-1441fccffcce', 'https://m.media-amazon.com/images/I/71ZjFCBruQL._AC_UY741_.jpg', 'MacBook Pro 14 M3 Pro 18GB 1TB Space Black', 0, FALSE, 'system'),
('07b9cb84-e597-4d2a-a368-0433f293ea7f', '14dc71ff-8f05-4253-aa77-48a8fea12948', '975647f1-75b1-466e-8ab5-cdf750a6c61d', 'https://m.media-amazon.com/images/I/81YkqyaFVEL._AC_UY741_.jpg', 'iPad Pro 12.9 M2 128GB Silver', 0, FALSE, 'system'),
('2ec9a4f8-ef32-450e-b760-1ad503eb00ea', '14dc71ff-8f05-4253-aa77-48a8fea12948', 'f10c22ab-29ad-48ea-a54d-d108b0e5476b', 'https://m.media-amazon.com/images/I/71s7tbFWPbL._AC_UY741_.jpg', 'iPad Pro 12.9 M2 256GB Space Gray', 0, FALSE, 'system'),
('e35e6ba8-d9e9-4051-96ee-6a9b4ede7ef4', '14dc71ff-8f05-4253-aa77-48a8fea12948', '5c9b26ee-3317-47df-a6ec-176995b2c9d8', 'https://m.media-amazon.com/images/I/81YkqyaFVEL._AC_UY741_.jpg', 'iPad Pro 12.9 M2 512GB Silver', 0, FALSE, 'system'),
('3fae6055-ef5a-4d2c-bed3-d6d839ba73cc', 'a3a336b7-e33d-428c-9c7b-f4aa3b3121d5', 'dbb091b8-f4ee-4a4e-9cd4-159e18f745d0', 'https://m.media-amazon.com/images/I/81wgcld4wxL._AC_UY741_.jpg', 'Atomic Habits Hardcover', 0, FALSE, 'system'),
('23a3eabd-327f-4cb3-bc1e-3aadd49734bf', 'a3a336b7-e33d-428c-9c7b-f4aa3b3121d5', '1282959f-49c5-46bb-bbe3-668b5fe421a4', 'https://m.media-amazon.com/images/I/81wgcld4wxL._AC_UY741_.jpg', 'Atomic Habits Paperback', 0, FALSE, 'system'),
('5f8c0cef-3cfc-4282-8f93-a5a730a95789', 'a3a336b7-e33d-428c-9c7b-f4aa3b3121d5', '460ae369-5c54-4c6a-befe-7b780b87d132', 'https://m.media-amazon.com/images/I/81wgcld4wxL._AC_UY741_.jpg', 'Atomic Habits Kindle Edition', 0, FALSE, 'system'),
('7d4d40f4-f4ae-4220-8d60-5851649d741f', '24f96f52-e17f-4426-9c4a-50f9e5e84d72', 'ea3ac835-7533-43be-b883-39ab027b09d8', 'https://m.media-amazon.com/images/I/71f743sOPoL._AC_UY741_.jpg', 'The Pragmatic Programmer Hardcover', 0, FALSE, 'system'),
('94b620ec-d5ac-4e84-ab7e-aebfaf86d559', '24f96f52-e17f-4426-9c4a-50f9e5e84d72', '4888ab53-c6c4-4e57-9df7-b8b5c9e0c72c', 'https://m.media-amazon.com/images/I/71f743sOPoL._AC_UY741_.jpg', 'The Pragmatic Programmer Paperback', 0, FALSE, 'system'),
('269cf241-b3e2-42d0-afd4-23a0ad9e4de8', '49e1c006-a927-46cf-b44d-727ac24f30dc', 'd35acdbf-f1c9-4259-b2e0-ebd6f2ff8b1c', 'https://m.media-amazon.com/images/I/41xShlnTZTL._AC_UY741_.jpg', 'Clean Code Hardcover', 0, FALSE, 'system'),
('6bb69917-6ed0-4044-829f-532110b5aa52', '49e1c006-a927-46cf-b44d-727ac24f30dc', '51242cac-3461-4aa1-9df4-f0a0ef52089e', 'https://m.media-amazon.com/images/I/41xShlnTZTL._AC_UY741_.jpg', 'Clean Code Paperback', 0, FALSE, 'system'),
('88b14fcd-69ad-4eb7-bb8b-fad96aaed270', '49e1c006-a927-46cf-b44d-727ac24f30dc', '18e17ca8-8da5-4769-b8d9-7b617ece02bc', 'https://m.media-amazon.com/images/I/41xShlnTZTL._AC_UY741_.jpg', 'Clean Code Kindle Edition', 0, FALSE, 'system'),
('46225dbc-a634-41e7-ae63-17c22e272c91', '6ca543af-f13e-456d-a4b3-3c5fa1501191', '322720c4-b489-409a-a970-15dff9a4b9d3', 'https://m.media-amazon.com/images/I/91SZSW8qSsL._AC_UY741_.jpg', 'Designing Data-Intensive Applications Hardcover', 0, FALSE, 'system'),
('4c9662d7-4de5-424d-9d46-b4812551d892', '6ca543af-f13e-456d-a4b3-3c5fa1501191', 'dfaad1e6-890d-4394-b942-4588cc73eab5', 'https://m.media-amazon.com/images/I/91SZSW8qSsL._AC_UY741_.jpg', 'Designing Data-Intensive Applications Paperback', 0, FALSE, 'system'),
('36004a2e-00b4-49f4-9ede-b9fc6cfb410a', '6ca543af-f13e-456d-a4b3-3c5fa1501191', 'f2ae8f27-bcaa-489d-8d8f-04843a77bb19', 'https://m.media-amazon.com/images/I/91SZSW8qSsL._AC_UY741_.jpg', 'Designing Data-Intensive Applications Kindle', 0, FALSE, 'system'),
('cfeea09a-5f0d-426e-b8ef-4331ed0d7180', '2b3f1d85-0c16-496e-b9fd-af02e6973b3d', 'b81a250c-872a-44bc-8790-d1ccf77a984b', 'https://m.media-amazon.com/images/I/71g2ednj0JL._AC_UY741_.jpg', 'The Psychology of Money Hardcover', 0, FALSE, 'system'),
('ab020246-a1fa-46ee-9e18-0992126910bd', '2b3f1d85-0c16-496e-b9fd-af02e6973b3d', '4b0c3804-e19e-4b83-96a3-081ef9edcef0', 'https://m.media-amazon.com/images/I/71g2ednj0JL._AC_UY741_.jpg', 'The Psychology of Money Paperback', 0, FALSE, 'system'),
('460be90f-007f-42f4-bbe3-b190d4aa8640', '2b3f1d85-0c16-496e-b9fd-af02e6973b3d', '5e7ab358-60f9-4844-b535-bb0b5a63a9f3', 'https://m.media-amazon.com/images/I/71g2ednj0JL._AC_UY741_.jpg', 'The Psychology of Money Kindle Edition', 0, FALSE, 'system'),
('fe7a6cda-c9d9-485e-b7bc-728dc1898aac', '081ab306-f43c-401b-97e5-7c7cc8c83b31', '7d968a72-7f95-4101-ad7a-531877546d93', 'https://m.media-amazon.com/images/I/71HJFBI7CaL._AC_UY741_.jpg', 'Levis 501 30x30 Indigo', 0, FALSE, 'system'),
('bfc5d073-3d5d-4f81-9a84-2d40ded952a3', '081ab306-f43c-401b-97e5-7c7cc8c83b31', '9022103d-cb4c-489a-9a0e-e3ec102940c4', 'https://m.media-amazon.com/images/I/71HJFBI7CaL._AC_UY741_.jpg', 'Levis 501 32x32 Indigo', 0, FALSE, 'system'),
('ba5e464b-cf96-49c6-b5ff-321d4ff60b51', '081ab306-f43c-401b-97e5-7c7cc8c83b31', '5b4582e6-ae41-498b-949d-a5598503760f', 'https://m.media-amazon.com/images/I/71HJFBI7CaL._AC_UY741_.jpg', 'Levis 501 34x32 Black', 0, FALSE, 'system'),
('a5837bbb-e9cc-4cb6-92ab-aff16a99f902', '081ab306-f43c-401b-97e5-7c7cc8c83b31', '22d0c827-9893-42d7-8f58-9d69a85a81ba', 'https://m.media-amazon.com/images/I/71HJFBI7CaL._AC_UY741_.jpg', 'Levis 501 36x34 Indigo', 0, FALSE, 'system'),
('9b6b3a23-7359-4615-8018-10d3030e05b4', '35b65fe8-efa1-4bcf-a129-34a8bd5a675a', 'ce21737b-07b1-4fcf-9a84-95e47235d406', 'https://m.media-amazon.com/images/I/71GpHD4SPQL._AC_UY741_.jpg', 'Nike Air Force 1 US7 White', 0, FALSE, 'system'),
('7d3620c2-6413-4da7-93e8-806fbd662062', '35b65fe8-efa1-4bcf-a129-34a8bd5a675a', '185258d8-dbcd-4991-a3b2-0107ca0dce81', 'https://m.media-amazon.com/images/I/71GpHD4SPQL._AC_UY741_.jpg', 'Nike Air Force 1 US8 White', 0, FALSE, 'system'),
('b63ecfda-432b-4acf-acb5-d614615ef369', '35b65fe8-efa1-4bcf-a129-34a8bd5a675a', 'ea54eaae-b9da-4032-9413-70bcb1019b20', 'https://m.media-amazon.com/images/I/71GpHD4SPQL._AC_UY741_.jpg', 'Nike Air Force 1 US9 White', 0, FALSE, 'system'),
('8fc2e858-9676-45cb-9f63-7f37dec71869', '35b65fe8-efa1-4bcf-a129-34a8bd5a675a', '91889a2b-0eae-4848-8654-a59a334a04bb', 'https://m.media-amazon.com/images/I/71GpHD4SPQL._AC_UY741_.jpg', 'Nike Air Force 1 US10 White', 0, FALSE, 'system'),
('db509815-14d0-4c48-89ff-f98a55a83a6c', '35b65fe8-efa1-4bcf-a129-34a8bd5a675a', '9d142e05-4e12-4fad-a658-19a6157c0e9c', 'https://m.media-amazon.com/images/I/81biVHtQhtL._AC_UY741_.jpg', 'Nike Air Force 1 US11 Black', 0, FALSE, 'system'),
('dd5b8808-3620-457e-9758-3936b22e2c50', 'dfdece05-59ce-48d4-ba22-7d44bba16734', '81b82cb9-43e5-4be7-8e33-27b874d08cad', 'https://m.media-amazon.com/images/I/71s7tbFWPbL._AC_UY741_.jpg', 'Champion Hoodie Small Gray', 0, FALSE, 'system'),
('d234e82f-931c-4395-b485-fe626e414c26', 'dfdece05-59ce-48d4-ba22-7d44bba16734', 'fdedf5e7-52f0-4972-a682-00b887e128af', 'https://m.media-amazon.com/images/I/71s7tbFWPbL._AC_UY741_.jpg', 'Champion Hoodie Medium Gray', 0, FALSE, 'system'),
('72de0e29-6f09-40a8-b973-af74c50c2df8', 'dfdece05-59ce-48d4-ba22-7d44bba16734', '9312b958-e8bd-4a0c-bae2-494f22c98459', 'https://m.media-amazon.com/images/I/71s7tbFWPbL._AC_UY741_.jpg', 'Champion Hoodie Large Black', 0, FALSE, 'system'),
('7d841214-d2be-471d-9752-b5eef6b95035', 'dfdece05-59ce-48d4-ba22-7d44bba16734', '9068428e-94e9-4293-ab3f-546d20d2887d', 'https://m.media-amazon.com/images/I/71s7tbFWPbL._AC_UY741_.jpg', 'Champion Hoodie XL Black', 0, FALSE, 'system'),
('8c8ccea0-2ee0-44f0-bf74-40edde8edc7f', '5e0ef7ac-1352-46b6-904c-66c298ce12df', '06eaa82c-a940-47bc-a5c5-3a950a1afbdf', 'https://m.media-amazon.com/images/I/71XiMOQ2EAL._AC_UY741_.jpg', 'Adidas Ultraboost 22 US8 Black', 0, FALSE, 'system'),
('2bca1892-7f8f-4cfa-b67e-02a97a476a33', '5e0ef7ac-1352-46b6-904c-66c298ce12df', '5442d3eb-4f68-4ef1-b05c-1e7ef8f43e07', 'https://m.media-amazon.com/images/I/71XiMOQ2EAL._AC_UY741_.jpg', 'Adidas Ultraboost 22 US9 Black', 0, FALSE, 'system'),
('a652679f-65f7-436a-a033-9c94010f3e8b', '5e0ef7ac-1352-46b6-904c-66c298ce12df', 'a720addd-96e9-45dc-b64a-a87f6dfba7b8', 'https://m.media-amazon.com/images/I/71XiMOQ2EAL._AC_UY741_.jpg', 'Adidas Ultraboost 22 US10 White', 0, FALSE, 'system'),
('9e668a32-b5e6-424d-8b06-074bf35288aa', '5e0ef7ac-1352-46b6-904c-66c298ce12df', '12d942f4-114c-4879-bdd6-5866491ba9bd', 'https://m.media-amazon.com/images/I/71XiMOQ2EAL._AC_UY741_.jpg', 'Adidas Ultraboost 22 US11 White', 0, FALSE, 'system'),
('b4add43e-ac04-4d21-a737-8d8f4fdc6752', 'cf0b285b-00d8-485a-8cd9-9becfea9f053', '6933272e-5985-45c7-9761-968595ffd7b9', 'https://m.media-amazon.com/images/I/81bkBqiJOtL._AC_UY741_.jpg', 'North Face Antora Small Black', 0, FALSE, 'system'),
('8a79b079-e487-4cac-9337-639aeb10167c', 'cf0b285b-00d8-485a-8cd9-9becfea9f053', 'c7015480-dc22-4fda-9082-6a00e91ed9d0', 'https://m.media-amazon.com/images/I/81bkBqiJOtL._AC_UY741_.jpg', 'North Face Antora Medium Black', 0, FALSE, 'system'),
('4880297f-2dca-4c96-81a3-2ffbd9b3e771', 'cf0b285b-00d8-485a-8cd9-9becfea9f053', 'daed02b6-2a62-4a76-9cac-6eb14467eaf2', 'https://m.media-amazon.com/images/I/81bkBqiJOtL._AC_UY741_.jpg', 'North Face Antora Large Blue', 0, FALSE, 'system'),
('52202fa2-ffc8-48ed-bd71-99c953f15331', 'cf0b285b-00d8-485a-8cd9-9becfea9f053', '2055fb70-2460-498e-b5a1-c1232cbbcc29', 'https://m.media-amazon.com/images/I/81bkBqiJOtL._AC_UY741_.jpg', 'North Face Antora XL Blue', 0, FALSE, 'system'),
('86bfb6aa-7fff-42f7-a46d-e5599b2767a4', 'eac538e9-94dd-45b7-93bf-5a5333fc2281', 'c9888937-be2c-4f29-9299-0051b810e4ff', 'https://m.media-amazon.com/images/I/71V1C2QjNLL._AC_UY741_.jpg', 'Instant Pot Duo 6 Quart', 0, FALSE, 'system'),
('2cea3763-e5f5-454a-96f6-bb179c6ff416', 'eac538e9-94dd-45b7-93bf-5a5333fc2281', 'ef515455-99e8-4022-8eac-66729f5798ab', 'https://m.media-amazon.com/images/I/71V1C2QjNLL._AC_UY741_.jpg', 'Instant Pot Duo 8 Quart', 0, FALSE, 'system'),
('2af33265-91d1-4c62-98e4-c5640fd37cfc', 'b1f7fd8f-10c5-4cdf-923b-3fe56efd1c02', 'b9f918de-e4f1-4d59-bfe0-2101fa58ca09', 'https://m.media-amazon.com/images/I/61fkTkfSdgL._AC_UY741_.jpg', 'Dyson V15 Detect', 0, FALSE, 'system'),
('0141b979-cb99-4d95-8794-55760ee3007b', 'b1f7fd8f-10c5-4cdf-923b-3fe56efd1c02', '775fd9a3-546d-4cf1-a3cb-5d28bb6a6ba5', 'https://m.media-amazon.com/images/I/61fkTkfSdgL._AC_UY741_.jpg', 'Dyson V15 Detect Plus', 0, FALSE, 'system'),
('99d942c4-2e5f-450b-b7c5-ad5330e2e179', '9ddf600c-d32e-4541-955e-e21ee2f7e1ec', 'a705df93-c113-45ba-8b84-cfc3852ee82e', 'https://m.media-amazon.com/images/I/618qMhl63FL._AC_UY741_.jpg', 'Nespresso Vertuo Next Black', 0, FALSE, 'system'),
('fe82cd20-5850-4ca9-9fd4-9ef8033ceae0', '9ddf600c-d32e-4541-955e-e21ee2f7e1ec', '346df540-2434-43b2-8133-a19ad0a997fc', 'https://m.media-amazon.com/images/I/618qMhl63FL._AC_UY741_.jpg', 'Nespresso Vertuo Next Gray', 0, FALSE, 'system'),
('413f1037-946e-4b5a-afe3-ee98ab83a907', '9ddf600c-d32e-4541-955e-e21ee2f7e1ec', '60a29dca-284a-4235-8fc6-c3971764623d', 'https://m.media-amazon.com/images/I/618qMhl63FL._AC_UY741_.jpg', 'Nespresso Vertuo Next Red', 0, FALSE, 'system'),
('8f5254c7-2b6d-4f70-b53a-6810738fedae', '464636b6-7e23-49e8-811a-dce15ad8a585', '905434c2-64e4-4c2a-bd95-c6782888d5bb', 'https://m.media-amazon.com/images/I/81biVHtQhtL._AC_UY741_.jpg', 'KitchenAid Artisan 5Qt Empire Red', 0, FALSE, 'system'),
('4e08a276-6973-42ef-b94a-d4e53635a0b9', '464636b6-7e23-49e8-811a-dce15ad8a585', 'd4c067ba-0f7e-4f69-9648-97c76ec1026e', 'https://m.media-amazon.com/images/I/81biVHtQhtL._AC_UY741_.jpg', 'KitchenAid Artisan 5Qt Silver', 0, FALSE, 'system'),
('ce1c2d6e-de3c-42cd-817c-90c363c50586', '464636b6-7e23-49e8-811a-dce15ad8a585', '855e4922-f33c-4eea-bb51-1ea9ce89cb1a', 'https://m.media-amazon.com/images/I/81biVHtQhtL._AC_UY741_.jpg', 'KitchenAid Artisan 5Qt Onyx Black', 0, FALSE, 'system'),
('d34b702e-44c9-4d46-9fb3-6300baf935f4', '464636b6-7e23-49e8-811a-dce15ad8a585', 'ed3a4b79-974b-4c0f-a996-ca9e0c6dc36e', 'https://m.media-amazon.com/images/I/81biVHtQhtL._AC_UY741_.jpg', 'KitchenAid Artisan 5Qt White', 0, FALSE, 'system'),
('170bceb6-1855-4618-927b-c148c965c385', 'ea4e1c77-9931-4303-9fe9-fe3b39f4977d', '587ca63b-fc60-4486-9ecd-ad4355c2e662', 'https://m.media-amazon.com/images/I/61R5RHkVriL._AC_UY741_.jpg', 'Philips Hue 4-Bulb White Starter Kit', 0, FALSE, 'system'),
('541ce018-c1be-4103-982e-9d51f9fd9822', 'ea4e1c77-9931-4303-9fe9-fe3b39f4977d', 'bcaec022-9c37-4be3-ac1c-0c1b72b41825', 'https://m.media-amazon.com/images/I/61R5RHkVriL._AC_UY741_.jpg', 'Philips Hue 4-Bulb Color Starter Kit', 0, FALSE, 'system'),
('fd73f5a0-0cc8-41e0-96ae-573f7cd096e2', 'a99d062d-cbaa-4d5d-b8b3-e51bfcec40b9', 'b8430186-3480-463c-944a-9ff8b1e5722a', 'https://m.media-amazon.com/images/I/71SvHxCPJIL._AC_UY741_.jpg', 'Garmin Fenix 7 Standard Black', 0, FALSE, 'system'),
('6b6686f0-cfea-4f27-add8-b73d4b8ce528', 'a99d062d-cbaa-4d5d-b8b3-e51bfcec40b9', 'c6572a97-3501-4920-82b8-56747721fae9', 'https://m.media-amazon.com/images/I/71SvHxCPJIL._AC_UY741_.jpg', 'Garmin Fenix 7 Solar Gray', 0, FALSE, 'system'),
('9d3d0604-b3ce-410d-a0d4-b9590c5fd3ed', 'a99d062d-cbaa-4d5d-b8b3-e51bfcec40b9', 'ebc2b2d3-315d-4558-8405-e55382739fa3', 'https://m.media-amazon.com/images/I/71SvHxCPJIL._AC_UY741_.jpg', 'Garmin Fenix 7 Sapphire Silver', 0, FALSE, 'system'),
('88b4c074-58f6-4fe1-a5f3-78e25983782d', '997a1b6e-5e35-4837-9ce0-18e28ff7a95b', 'e8b3412a-7e3b-4fdb-8481-1a9c4e5c65a8', 'https://m.media-amazon.com/images/I/61qTnOqOe5L._AC_UY741_.jpg', 'Hydro Flask 32oz Black', 0, FALSE, 'system'),
('6ab1e83d-35a1-4f5b-8768-a20032fe75c1', '997a1b6e-5e35-4837-9ce0-18e28ff7a95b', '6e17f63b-8759-46f2-bf56-02157d21cddd', 'https://m.media-amazon.com/images/I/61qTnOqOe5L._AC_UY741_.jpg', 'Hydro Flask 32oz Pacific Blue', 0, FALSE, 'system'),
('9c3a9a56-9baf-4c66-bad5-884ae658dd7a', '997a1b6e-5e35-4837-9ce0-18e28ff7a95b', '3f780a45-a514-4f5b-b690-0125778434c3', 'https://m.media-amazon.com/images/I/61qTnOqOe5L._AC_UY741_.jpg', 'Hydro Flask 32oz Tomato Red', 0, FALSE, 'system'),
('b934a1ad-9047-44aa-affe-dce116e54a58', '997a1b6e-5e35-4837-9ce0-18e28ff7a95b', 'e29411fa-58d1-452d-b0cf-4b1caa4df78a', 'https://m.media-amazon.com/images/I/61qTnOqOe5L._AC_UY741_.jpg', 'Hydro Flask 40oz Black', 0, FALSE, 'system'),
('49f21c22-6464-48c3-b508-20117b64cdc6', '2a98ce96-85b2-4b73-b7a1-2da0b1175ddb', '8c19f67e-858f-471b-8fe5-8662c034d414', 'https://m.media-amazon.com/images/I/61+jPAjBiQL._AC_UY741_.jpg', 'Theragun Prime Black', 0, FALSE, 'system'),
('8a20433f-9a5d-4c76-9e5e-1df20887015b', '2db09b98-ebbd-4558-9e52-6a57a94aeb5f', 'b74731c5-0465-443d-90ef-4fe1743dfc46', 'https://m.media-amazon.com/images/I/81R+5rFdpQL._AC_UY741_.jpg', 'Coleman Sundome 4-Person Green', 0, FALSE, 'system'),
('9c7182b7-9e43-4840-bfb8-18b67f8ec1f1', '2db09b98-ebbd-4558-9e52-6a57a94aeb5f', '63722bbf-79cc-47e6-a453-a24a441575c0', 'https://m.media-amazon.com/images/I/81R+5rFdpQL._AC_UY741_.jpg', 'Coleman Sundome 6-Person Green', 0, FALSE, 'system'),
('315350c3-afdc-4c91-b0b2-531310e035d6', 'f02f296c-546a-4606-bf3a-b3083b7fef43', '33a4e158-de47-46cf-9cc5-014220029951', 'https://m.media-amazon.com/images/I/61bK6FBMSSL._AC_UY741_.jpg', 'Manduka PRO Yoga Mat 6mm Black', 0, FALSE, 'system'),
('26b126d3-cc74-4682-89f9-ef6066f96337', 'f02f296c-546a-4606-bf3a-b3083b7fef43', '6181c9ad-56d6-418c-937c-0acaee842c38', 'https://m.media-amazon.com/images/I/61bK6FBMSSL._AC_UY741_.jpg', 'Manduka PRO Yoga Mat 6mm Purple', 0, FALSE, 'system'),
('36ce9a0f-4ec3-425c-b7ac-c99d4245c193', 'f02f296c-546a-4606-bf3a-b3083b7fef43', 'ccd8bb5b-4763-403e-b866-e529f33930b7', 'https://m.media-amazon.com/images/I/61bK6FBMSSL._AC_UY741_.jpg', 'Manduka PRO Yoga Mat 6mm Blue', 0, FALSE, 'system');